total_amount,active_days,rolling_mean_30d,avg_spend_intensity,weekend_ratio,holiday_days,month_name,lag_1m,lag_2m,lag_3m
1855.0,17,96.23080249352071,114.13881210544106,0.15384615384615385,2,August,0.0,0.0,0.0
3234.0,24,87.61569269598004,125.58535928644623,0.13333333333333333,0,September,1855.0,0.0,0.0
2420.0,21,87.31935483870969,120.16196198612046,0.12903225806451613,1,October,3234.0,1855.0,0.0
2627.0,22,84.51777777777778,121.73007389466198,0.16666666666666666,2,November,2420.0,3234.0,1855.0
2917.0,24,98.68817204301075,119.22310435421936,0.12903225806451613,5,December,2627.0,2420.0,3234.0
1800.0,18,62.43777777777778,106.76409108034495,0.13333333333333333,1,January,2917.0,2627.0,2420.0
